CACODE,population_exclude_foreign_worker_2016,population_exclude_foreign_worker_lte_age15_2016,population_exclude_foreign_worker_lte_age20_2016,no_of_voters,no_of_voted_voters,total_votes,candi_1,candi_2,candi_3,candi_4,candi_5,candi_6
A01,11485,8186,7791,"4,331",2043,2030,1090,940,,,,
A02,14994,3612,2891,"6,625",3013,2987,1521,1466,,,,
A03,16750,4157,3368,"6,849",2805,2768,1457,1311,,,,
A04,14853,6749,5869,"5,307",2163,2154,317,1837,,,,
A05,15054,4900,4095,"8,107",3334,3299,1455,1844,,,,
A06,16416,6875,5930,"7,009",3789,3769,1072,838,1859,,,
A07,15047,3213,2470,"8,205",4110,4060,1569,2491,,,,
A08,13925,5742,5052,"7,506",3949,3909,1898,2011,,,,
A09,19399,2965,2046,"9,699",4786,4725,2397,2328,,,,
A10,16904,4859,4016,"7,930",3269,3234,1336,1898,,,,
A11,14061,4771,4113,"7,293",3026,2994,1790,1204,,,,
A12,13278,7379,6809,"6,648",2827,2780,1344,1436,,,,
A13,10955,6763,6174,"5,167",2376,2332,1352,980,,,,
A14,13592,7541,7017,"6,637",3322,3275,1621,1654,,,,
A15,14222,5661,5051,"7,234",3559,3497,1878,1619,,,,
B01,12324,7788,7249,"4,946",2375,2350,1590,760,,,,
B02,12392,7786,7328,"5,985",2327,2282,915,1367,,,,
B03,11453,8246,7783,"4,969",1755,1741,723,1018,,,,
B04,13446,9727,9168,"6,270",0,0,,,,,,
B05,13821,7841,7421,"7,282",3316,3257,2236,1021,,,,
B06,10375,8224,7870,"5,168",0,0,,,,,,
B07,13104,7258,6592,"5,695",2566,2546,1148,1398,,,,
B08,12703,7181,6576,"5,993",2606,2577,1479,1098,,,,
B09,12961,7189,6311,"5,308",2474,2430,939,141,1350,,,
B10,11174,6440,6065,"5,350",2309,2277,1377,900,,,,
B11,11603,5653,4976,"5,083",1804,1792,1150,642,,,,
B12,13189,5572,5072,"4,726",1920,1900,437,1463,,,,
B13,11982,4006,3673,"5,012",2320,2298,1505,793,,,,
C01,16103,4979,4281,"8,816",4687,4630,3362,1268,,,,
C02,16322,5186,4635,"9,900",5311,5261,2587,2674,,,,
C03,20695,3760,3027,"9,319",4814,4786,1612,2008,955,211,,
C04,16838,6124,5424,"11,273",5191,5121,2720,2401,,,,
C05,12861,4601,4131,"6,413",3019,2980,1429,1444,107,,,
C06,17943,5662,4856,"10,963",4675,4618,1696,1810,1112,,,
C07,17420,3587,2744,"10,635",6332,6277,610,2025,3642,,,
C08,11839,7329,6665,"8,579",4488,4451,1629,69,1572,1181,,
C09,15284,5106,5106,"9,269",0,0,,,,,,
C10,12728,6678,6110,"8,277",4030,3993,1981,783,1229,,,
C11,14340,6720,5878,"11,185",5451,5332,195,1950,930,2257,,
C12,14930,6329,5421,"8,442",3700,3663,1436,2227,,,,
C13,14751,7288,6707,"9,116",4247,4225,1797,2314,114,,,
C14,12600,7909,7471,"7,368",0,0,,,,,,
C15,14235,6628,5982,"7,255",0,0,,,,,,
C16,14567,5706,5073,"8,728",0,0,,,,,,
C17,15348,6006,5161,"8,291",0,0,,,,,,
C18,20224,3335,2411,"9,637",0,0,,,,,,
C19,15210,4917,4364,"7,069",0,0,,,,,,
C20,15668,6194,5417,"8,948",0,0,,,,,,
C21,13272,7091,6711,"8,179",4414,4377,2338,2039,,,,
C22,12680,8419,7845,"7,662",0,0,,,,,,
C23,12729,6826,6273,"6,724",2736,2666,1010,1656,,,,
C24,13293,6689,6170,"8,311",4612,4567,1182,42,3343,,,
C25,13907,4710,4118,"8,230",5044,5007,29,2535,2443,,,
C26,12990,7555,7027,"7,753",4233,4198,1814,2384,,,,
C27,17959,4001,4001,"12,386",6149,6118,2808,3310,,,,
C28,19202,2833,2103,"8,691",4226,4178,1956,2222,,,,
C29,18726,4195,3270,"8,404",3675,3627,1658,977,992,,,
C30,11988,6318,5700,"8,117",0,0,,,,,,
C31,14466,6313,5617,"8,444",3894,3861,1391,2470,,,,
C32,11120,7696,7107,"8,078",4466,4413,1969,48,2396,,,
C33,12297,4853,4288,"7,074",3365,3330,2351,979,,,,
C34,14387,5962,5962,"8,337",3902,3889,1863,2026,,,,
C35,13252,8284,7467,"8,630",3966,3755,1514,2241,,,,
D01,18829,3449,2808,"10,343",4426,4381,1598,621,1936,226,,
D02,14463,10341,9672,"8,480",0,0,,,,,,
D03,12495,5076,4520,"6,040",2468,2311,755,1556,,,,
D04,15311,5418,4820,"10,264",5066,5055,177,1810,3068,,,
D05,11689,6246,5909,"9,030",4581,4558,2564,119,1854,21,,
D06,14059,6395,5410,"7,499",4701,4668,1845,2180,643,,,
D07,14147,6120,6120,"8,260",5277,5190,2245,2945,,,,
D08,13238,7361,6964,"10,876",5503,5445,94,2652,2699,,,
D09,13485,7840,7245,"7,585",3284,3261,1632,1629,,,,
D10,13940,5711,4964,"8,616",4569,4547,2089,21,2408,29,,
D11,16201,6219,5302,"5,773",3112,3096,1144,1952,,,,
D12,14359,6485,5974,"9,142",5021,4985,2762,2223,,,,
D13,16990,4779,3868,"9,058",0,0,,,,,,
D14,15971,5100,4532,"11,389",0,0,,,,,,
D15,17936,2929,2509,"8,976",4887,4835,2190,2645,,,,
D16,13301,7302,6393,"3,724",1442,1431,474,957,,,,
D17,17826,4677,3759,"7,582",3095,2992,408,752,1832,,,
E01,18743,2574,1768,"4,201",2061,2041,828,1213,,,,
E02,17513,4356,3581,"6,055",2169,2055,1531,524,,,,
E03,17667,3128,2439,"6,979",0,0,,,,,,
E04,20445,2790,1798,"7,641",3482,3422,1298,2124,,,,
E05,16678,7500,6554,"9,806",4612,4526,2053,2473,,,,
E06,16483,4280,4280,"5,911",0,0,,,,,,
E07,19091,4453,4453,"9,108",4834,4783,2859,1924,,,,
E08,16342,3709,3068,"5,095",2961,2945,1414,1531,,,,
E09,13484,5881,5314,"5,620",2652,2641,858,1611,172,,,
E10,15510,3833,3366,"6,514",2996,2970,1362,1608,,,,
E11,19530,4437,4437,"7,547",4081,3996,1363,2633,,,,
E12,22266,1802,1802,"7,421",3007,2992,606,962,1424,,,
E13,18973,3216,2233,"6,332",2597,2581,1712,869,,,,
E14,16741,3394,2833,"6,079",2747,2726,112,1442,1172,,,
E15,16055,6276,5402,"5,614",0,0,,,,,,
E16,12875,7953,7402,"5,181",2406,2371,689,1682,,,,
E17,14193,8041,7435,"3,427",1551,1533,681,852,,,,
E18,15901,3174,2765,"5,498",1658,1585,486,1099,,,,
E19,18048,3993,3089,"3,852",1344,1327,941,386,,,,
F01,18877,2847,2180,"7,500",3648,3593,1664,1929,,,,
F02,15480,3205,2628,"6,712",3081,3044,1491,246,1307,,,
F03,23001,2699,2699,"5,711",2317,2257,1461,796,,,,
F04,20989,3511,2557,"10,075",4983,4935,2847,2088,,,,
F05,21005,3091,3091,"6,249",3047,3014,1727,1287,,,,
F06,22322,2603,2603,"6,404",2392,2330,786,1544,,,,
F07,21346,3970,2984,"4,986",1843,1822,1284,538,,,,
F08,18871,3276,2333,"7,507",3137,3090,1217,1873,,,,
F09,18676,3958,3958,"10,747",5175,5103,2130,2973,,,,
F10,13151,8551,7875,"8,995",5224,5178,2531,215,2432,,,
F11,15594,5345,4694,"7,404",4091,4035,1898,2137,,,,
F12,17053,3358,3358,"8,843",4780,4762,3477,1191,94,,,
F13,15645,5505,5015,"8,564",4849,4793,179,2193,2421,,,
F14,12138,7423,7019,"7,331",3782,3719,1803,1675,241,,,
F15,14719,4075,3583,"8,061",4478,4452,2636,1816,,,,
F16,18354,3906,3190,"7,085",4628,4582,2229,2353,,,,
F17,14798,4773,4168,"4,411",2160,2114,1173,64,877,,,
F18,18362,5030,4317,"10,274",4750,4651,3491,1160,,,,
F19,12050,7434,7133,"9,267",4506,4459,2335,2124,,,,
F20,16499,4765,4765,"7,647",3503,3472,2320,1152,,,,
F21,13350,5710,5710,"5,905",3318,3259,982,2277,,,,
F22,14400,5904,5364,"8,858",4651,4608,1991,2563,54,,,
F23,15248,4125,3587,"8,170",4334,4293,161,1678,2454,,,
G01,18730,5310,4423,"10,030",5349,5295,2670,2625,,,,
G02,19716,2406,1460,"7,732",3463,3429,1618,148,1663,,,
G03,15060,8677,8113,"6,593",2683,2558,1790,768,,,,
G04,15008,6014,5346,"7,944",3891,3871,2310,1561,,,,
G05,15124,6542,5786,"9,929",5358,5317,209,2776,2332,,,
G06,17967,8296,7452,"9,353",4272,4228,2376,1852,,,,
G07,16424,4383,3667,"7,981",3840,3803,1333,92,2378,,,
G08,13457,6532,5823,"6,619",0,0,,,,,,
G09,17433,6142,5273,"7,383",0,0,,,,,,
G10,14617,3705,3235,"6,108",2517,2416,395,2021,,,,
G11,21315,2875,1919,"7,304",3243,3211,2015,502,694,,,
G12,16084,4406,3585,"6,364",3653,3631,2610,73,16,932,,
G13,14846,5547,4913,"5,466",2994,2962,2199,763,,,,
G14,15191,5023,4406,"7,764",3272,3132,2478,654,,,,
G15,15514,5579,4636,"5,331",1983,1925,204,177,1544,,,
G16,14598,5971,5359,"5,926",2784,2739,1719,1020,,,,
G17,17744,2848,1983,"7,130",3726,3696,950,1607,1139,,,
G18,16164,5995,5103,"9,122",5031,4982,596,2345,2041,,,
G19,20451,2901,2000,"8,509",4243,4189,2114,2075,,,,
G20,17818,3143,2347,"8,134",3784,3760,47,162,1740,1811,,
G21,14114,4155,3434,"5,346",2776,2748,1173,1544,31,,,
G22,18977,5487,4644,"10,227",0,0,,,,,,
G23,14068,6799,6074,"8,831",4410,4353,2806,1547,,,,
G24,13035,8383,7788,"9,167",4650,4614,2772,1842,,,,
H01,15945,6227,5264,"7,651",3228,3147,241,715,2191,,,
H02,11440,8143,7774,"8,511",4029,3998,1446,2552,,,,
H03,19696,5059,4151,"11,574",4548,4480,2798,1478,204,,,
H04,14724,4627,3867,"6,281",3140,3097,1422,1675,,,,
H05,15105,8157,7469,"11,251",5053,4934,2766,2168,,,,
H06,18734,5392,4596,"11,801",6131,6022,297,111,2640,2974,,
H07,23393,2286,2286,"10,563",4503,4310,3026,1284,,,,
H08,16136,4064,3380,"9,853",4218,4158,1448,2710,,,,
H09,16094,5244,4572,"9,738",4543,4491,2894,1597,,,,
H10,14000,7741,7139,"8,802",3251,3213,981,2232,,,,
H11,17047,3130,2363,"10,815",0,0,,,,,,
H12,13520,5905,5438,"9,668",5051,4979,2207,2772,,,,
H13,17686,4102,3212,"12,167",5728,5660,1878,2967,815,,,
H14,15363,5381,4541,"8,575",4201,4163,3056,1107,,,,
H15,14919,5392,4816,"11,148",4104,4005,1206,2799,,,,
H16,19825,3360,3360,"11,429",6081,6052,362,2405,3285,,,
H17,20297,2192,2192,"11,299",5349,5291,3243,2048,,,,
H18,22409,2685,2685,"11,145",0,0,,,,,,
H19,20628,1898,1898,"10,485",4819,4777,3192,1585,,,,
H20,18285,4887,4090,"12,358",6338,6284,2377,3907,,,,
H21,14150,6757,5977,"7,018",3918,3881,1551,129,2201,,,
H22,12609,8203,7663,"7,365",3797,3753,2432,1321,,,,
H23,13542,6767,6091,"8,594",4545,4492,1810,2682,,,,
H24,15526,5068,4522,"8,638",4219,4161,2083,2078,,,,
H25,14834,8431,7483,"9,126",4612,4537,1639,2898,,,,
J01,15344,3260,2705,"7,531",0,0,,,,,,
J02,12275,4931,4407,"6,928",0,0,,,,,,
J03,14727,5756,5408,"8,312",4007,3954,1826,2128,,,,
J04,14670,4214,3731,"10,391",5798,5742,2682,3060,,,,
J05,12994,7686,7002,"7,903",0,0,,,,,,
J06,21878,2858,2858,"8,300",0,0,,,,,,
J07,20085,2371,2371,"9,123",4105,4038,1400,2638,,,,
J08,18325,2726,2021,"11,463",5683,5628,2864,2764,,,,
J09,17070,6712,6712,"10,164",0,0,,,,,,
J10,14424,8381,7937,"7,641",3908,3885,2128,1665,92,,,
J11,22379,4364,4364,"10,980",5167,5035,1042,3993,,,,
J12,20436,2676,2676,"11,614",0,0,,,,,,
J13,16535,6016,5361,"11,826",5846,5750,2284,3466,,,,
J14,15390,5510,5510,"7,230",3455,3426,2418,668,340,,,
J15,16908,5267,4309,"9,085",0,0,,,,,,
J16,16860,5851,5298,"10,994",4635,4549,2424,2125,,,,
J17,21627,2843,2843,"10,738",4598,4500,3215,1285,,,,
J18,18757,4146,3532,"12,541",0,0,,,,,,
J19,16214,5637,5000,"10,499",4435,4392,3404,988,,,,
J20,12517,7466,6903,"8,863",4368,4332,138,2666,1528,,,
J21,20850,2771,2771,"11,217",0,0,,,,,,
J22,20589,1894,1894,"8,365",3527,3496,318,1914,1264,,,
J23,22314,3194,3194,"10,416",5599,5572,2918,2654,,,,
J24,18972,2972,2090,"9,689",0,0,,,,,,
J25,23669,2157,2157,"11,583",7383,7334,4091,3243,,,,
J26,18753,3786,2872,"10,712",5029,4961,2791,2170,,,,
J27,18284,4748,4008,"11,881",4665,4591,3457,1134,,,,
J28,13714,8309,7757,"9,037",3846,3814,2097,1717,,,,
J29,13067,6915,6414,"7,395",3530,3501,2403,1098,,,,
J30,16539,6897,6177,"7,267",3394,3372,634,1831,907,,,
J31,15221,4457,3932,"7,682",3184,3149,1624,1525,,,,
J32,17580,4604,3722,"8,938",4290,4256,2159,2097,,,,
J33,15043,6803,6133,"8,763",4022,3984,2453,1531,,,,
J34,16806,3710,3137,"8,460",4497,4420,1979,2441,,,,
J35,16420,2852,2485,"7,938",0,0,,,,,,
J36,12637,6352,5790,"7,584",3037,2975,1729,1246,,,,
J37,12727,8227,7777,"7,294",3964,3932,1687,2245,,,,
L12,21734,2783,2783,"7,794",2800,0,,,,,,
L13,23246,2127,2127,"7,891",4442,3308,2075,1233,,,,
L14,18943,2936,2936,"10,229",4944,4573,1926,2647,,,,
L15,16832,3756,3049,"7,364",3847,3375,1825,1550,,,,
L16,14448,8980,8277,"7,432",3574,0,,,,,,
L17,16177,4092,3427,"9,451",2542,5694,3674,2020,,,,
L18,15312,4503,3957,"7,970",4514,4309,2235,2074,,,,
L19,19319,5129,4157,"9,233",4389,4597,1777,2820,,,,
L20,18180,1707,1707,"10,186",0,5102,3661,1441,,,,
L21,16928,2306,1581,"6,942",4007,3859,1606,1799,454,,,
L22,18160,2125,2125,"9,019",3771,4755,793,2462,1500,,,
L23,18176,3000,2267,"8,377",3740,3796,1812,1984,,,,
L24,13793,4931,4613,"5,660",2980,3446,529,193,1668,1056,,
L25,13790,7203,6704,"8,315",3841,4126,1933,2193,,,,
L26,17039,3438,2483,"9,041",5073,4942,3169,1773,,,,
L27,17229,4458,3491,"9,011",4249,4280,1385,2895,,,,
L28,13188,7774,7353,"7,407",4038,3391,2356,1035,,,,
L29,12275,9320,8816,"7,255",2455,3214,864,1997,353,,,
M01,20814,3989,3066,"7,848",3464,2351,834,1517,,,,
M02,19115,3946,3060,"11,061",0,5315,3551,1532,232,,,
M03,18156,3461,3461,"12,504",4128,5866,3138,192,2536,,,
M04,16168,4667,3982,"10,021",4953,4599,2216,2383,,,,
M05,15098,7431,6525,"8,345",2688,3142,1057,2085,,,,
M06,15021,2695,1958,"7,880",3285,3439,1616,1731,92,,,
M07,18451,3315,3315,"8,888",3797,0,,,,,,
M08,16720,3534,2923,"10,511",0,3458,1853,1605,,,,
M09,14648,7280,6550,"8,034",0,0,,,,,,
M10,15084,5103,4340,"9,650",0,4171,1498,2673,,,,
M11,18889,5836,4958,"7,572",0,2472,742,631,1099,,,
M12,19834,2322,2322,"7,691",0,2729,892,1837,,,,
M13,19173,5237,5237,"8,982",2380,4411,2597,1021,96,697,,
M14,18570,2340,2340,"11,252",3013,4885,676,179,445,920,2493,172
M15,12629,5403,4619,"8,453",5660,3755,2073,1682,,,,
M16,12184,6981,6560,"7,125",4695,3509,1488,2021,,,,
M17,13632,7534,6590,"7,878",3713,2503,1454,1049,,,,
M18,16204,6627,5903,"9,774",2817,4454,2505,1949,,,,
M19,14031,5109,5109,"7,787",0,4358,2013,99,391,25,94,1736
M20,16378,3835,3835,"9,334",4201,0,,,,,,
M21,13594,5043,4299,"9,370",4353,3929,1243,2686,,,,
M22,12737,6442,5846,"9,881",4941,3656,2366,1290,,,,
M23,15130,4412,3901,"10,936",0,3616,2295,1321,,,,
M24,17406,5868,5203,"8,438",3133,2918,2516,402,,,,
M25,15263,5688,5110,"10,080",4604,3739,1283,2456,,,,
M26,14991,6018,5751,"8,616",3818,5024,2677,80,2267,,,
M27,18977,4350,3744,"9,748",2914,4096,2970,1126,,,,
M28,18892,2168,2168,"12,242",3315,3867,2823,1044,,,,
M29,19055,3432,3432,"7,703",3958,2372,728,1644,,,,
M30,18506,2951,2072,"9,046",3503,3406,2179,1227,,,,
M31,19682,5031,5031,"9,149",3605,0,,,,,,
M32,15510,5460,4755,"10,159",3560,4093,2598,1249,246,,,
M33,16288,3918,3061,"10,011",0,4903,2013,2890,,,,
M34,16576,5513,4771,"7,278",3347,2664,1049,1615,,,,
M35,13947,5062,4690,"6,060",4412,3013,2651,362,,,,
N01,15660,4302,3522,"7,360",5101,3761,2173,1425,163,,,
N02,14961,6341,5812,"6,906",2356,0,,,,,,
N03,20588,3575,2844,"6,649",5309,0,,,,,,
N04,19542,5689,4821,"9,784",0,0,,,,,,
N05,24215,2889,2889,"7,301",4538,0,,,,,,
N06,13411,6369,5912,"6,042",0,0,,,,,,
N07,12789,7169,6741,"5,203",0,2282,938,1344,,,,
N08,14434,4775,4314,"6,857",2975,2986,376,2610,,,,
N09,20330,1725,1725,"12,653",0,5509,3702,1807,,,,
N10,17637,3975,3344,"11,215",3053,4570,1434,3136,,,,
N11,15003,4197,3547,"9,261",5533,3575,1634,1941,,,,
N12,16554,3786,2833,"8,069",4512,2740,1775,965,,,,
N13,18849,4547,4547,"8,865",4302,0,,,,,,
N14,19129,3593,3593,"9,836",4537,4158,1339,2819,,,,
N15,20563,3956,3956,"10,215",4146,4252,2288,496,1468,,,
N16,20779,2136,2136,"11,425",4210,4912,1317,846,2749,,,
N17,18620,3449,3449,"10,125",3968,0,,,,,,
N18,18783,4314,4314,"8,381",0,3055,2423,632,,,,
P01,22130,2624,2624,"10,133",2015,4522,2775,1747,,,,
P02,14588,4721,4033,"9,114",3749,3783,2438,1345,,,,
P03,13995,5929,5287,"8,751",3769,2839,1584,1255,,,,
P04,12645,7375,6966,"8,199",3396,3265,1713,1552,,,,
P05,16819,5576,4758,"7,932",5178,3915,1724,2191,,,,
P06,15623,5427,4713,"7,518",5783,3458,2078,1380,,,,
P07,13600,7177,6537,"8,006",4306,3566,1826,144,1596,,,
P08,19847,6429,5900,"8,763",3485,3479,2286,1193,,,,
P09,12594,5051,4693,"5,410",3746,0,,,,,,
P10,10702,8838,8338,"6,105",0,3277,1471,1806,,,,
P11,18037,5580,4801,"9,176",4883,4354,1482,2872,,,,
P12,20573,4212,4212,"10,171",4685,5034,1981,2640,413,,,
P13,13815,6300,5596,"6,184",4775,2229,826,1403,,,,
P14,16084,4147,3640,"11,434",5020,5271,1569,1814,1710,178,,
P15,18105,3642,2660,"11,169",0,0,,,,,,
P16,15799,4533,3978,"11,587",3903,4474,1814,2660,,,,
P17,19043,4405,3559,"13,268",3144,0,,,,,,
P18,14222,5149,4435,"9,833",0,0,,,,,,
P19,14327,4196,3691,"6,565",2188,2816,1824,992,,,,
Q01,20247,3714,3714,"8,589",2617,0,,,,,,
Q02,17714,3952,3952,"7,231",2690,2920,1922,326,672,,,
Q03,20911,5086,4185,"9,784",0,5408,2474,2934,,,,
Q04,17179,3430,2872,"11,016",1833,4456,2481,1975,,,,
Q05,20462,3631,3631,"9,354",2471,4240,90,1760,2390,,,
Q06,14118,4300,3787,"10,239",4248,4461,1445,2219,797,,,
Q07,15193,4501,3559,"8,304",3430,4090,981,1460,1649,,,
Q08,14919,8623,8103,"8,496",2954,4173,2307,1104,651,111,,
Q09,17185,2680,2087,"9,276",4437,3896,1726,1567,603,,,
Q10,16884,6840,6114,"8,400",4729,0,,,,,,
Q11,19575,6610,5649,"6,218",4214,1961,1096,865,,,,
Q12,13671,4798,4071,"7,546",3847,3694,1444,1866,384,,,
Q13,14276,6540,6093,"8,802",2889,3691,1810,1881,,,,
Q14,14486,7365,6750,"8,674",4405,3351,1334,2017,,,,
Q15,15600,4643,4078,"11,409",5796,5133,1417,3716,,,,
Q16,14228,5208,4657,"11,665",4496,5755,1607,4148,,,,
Q17,13250,8079,7607,"8,990",4194,4269,3147,1122,,,,
Q18,12915,7773,7158,"8,639",5559,3390,2248,363,779,,,
Q19,11548,8176,7792,"8,435",5579,3690,2120,1570,,,,
Q20,20928,5525,5525,"7,949",5644,0,,,,,,
Q21,15071,7111,6221,"11,586",5017,4834,2123,2711,,,,
Q22,14708,5189,4437,"9,226",4371,4640,2064,2447,129,,,
Q23,17813,5494,5494,"10,213",0,4586,374,2468,1744,,,
Q24,13174,4615,4161,"10,440",5362,4975,2683,2292,,,,
Q25,13683,5514,5092,"10,805",5265,0,,,,,,
Q26,14715,4531,3990,"7,484",3368,3869,2170,1699,,,,
Q27,20449,3117,3117,"7,657",2744,2912,1132,1780,,,,
R01,17605,6335,6335,"8,337",4149,0,,,,,,
R02,11770,4971,4223,"5,754",3248,2028,1024,1004,,,,
S03,9159,8287,8054,"6,200",3835,2566,843,1723,,,,
S04,14529,7699,6976,"6,936",4520,2648,1109,1539,,,,
S05,10843,8362,7905,"4,285",3834,0,,,,,,
S06,11559,9874,9193,"4,857",4153,1772,810,962,,,,
S07,14705,4369,3528,"6,288",5829,2424,1027,1397,,,,
S08,16821,6174,5312,"8,588",4617,4199,2361,1838,,,,
S09,14397,5290,4660,"6,705",6183,3371,357,3014,,,,
S10,14638,5185,4531,"5,668",4483,2936,572,617,531,1216,,
S11,15578,3291,3291,"8,040",4923,4429,710,3719,,,,
S12,19696,1427,1427,"10,415",4976,4664,1791,2873,,,,
S13,17602,4129,3383,"8,977",3220,4181,1314,1831,1036,,,
S14,18371,5339,5339,"9,616",0,3801,2087,1671,43,,,
S15,13709,4635,4077,"5,650",4835,2868,534,480,583,487,784,
S16,18434,3648,2897,"9,535",5373,4344,3359,985,,,,
S17,19442,3378,2754,"11,336",0,5720,2446,3274,,,,
S18,14970,5909,5521,"10,709",5347,4447,1396,3051,,,,
S19,15230,6008,5544,"11,013",5755,4138,2446,779,913,,,
S20,17737,5075,4539,"11,087",0,5519,1007,3283,1229,,,
S21,20641,4776,4776,"10,138",4481,5534,2313,3104,117,,,
S22,16692,5052,4505,"11,999",4333,5585,2878,2707,,,,
S23,17670,5064,4192,"11,240",4558,4940,2679,2261,,,,
S24,16276,6293,5658,"9,794",0,4320,2113,2207,,,,
S25,18363,2551,2551,"11,782",3386,0,,,,,,
S26,19551,3921,3921,"12,280",4917,5290,650,2978,1662,,,
S27,17051,4566,4566,"11,319",5023,5205,777,1055,3373,,,
S28,15841,2669,2146,"6,088",5484,3332,665,2667,,,,
S29,17747,2889,1917,"4,555",4401,2727,2188,539,,,,
R03,18253,3458,2598,"9,341",5321,4087,1328,2759,,,,
R04,15745,6817,6111,"7,654",0,3205,1799,1406,,,,
R05,17545,4484,4484,"11,265",0,5282,2495,1602,1185,,,
R06,15870,5186,4467,"8,872",4093,0,,,,,,
R07,15031,5717,5082,"8,343",5096,0,,,,,,
R08,16352,4338,3885,"8,138",5568,4047,1936,2111,,,,
R09,15922,8551,7782,"9,933",4845,5064,2627,2437,,,,
R10,14079,4969,4574,"11,596",5342,5525,2859,2666,,,,
R11,22884,3446,2494,"8,185",4007,4812,541,1050,3221,,,
R12,14670,5895,5092,"8,822",3764,5302,1578,3724,,,,
R13,15806,4719,4152,"8,715",4336,3943,1488,2455,,,,
R14,14582,5167,4484,"8,597",3427,3723,2048,1675,,,,
R15,12040,5010,4606,"9,347",3911,4186,2473,1713,,,,
R16,17691,4273,4273,"7,825",5051,3371,1209,987,1175,,,
R17,20474,4256,4256,"8,852",0,3878,962,927,1989,,,
R18,19952,3158,2216,"11,920",4565,4970,2826,2144,,,,
R19,14349,7463,6658,"8,485",5793,0,,,,,,
R20,15854,5760,4926,"9,482",3584,4530,1029,1068,2433,,,
R21,19773,4868,3984,"12,216",4298,5736,3649,2087,,,,
R22,13962,6691,5955,"7,914",3192,3561,1631,662,1268,,,
R23,11407,6797,6146,"7,847",3037,4245,1984,2160,101,,,
R24,17309,2090,2090,"7,527",4976,3155,1905,1250,,,,
R25,12466,5860,4908,"6,169",5186,2975,1169,1658,148,,,
R26,20830,3342,3342,"10,878",3597,4882,2376,2506,,,,
R27,18776,4126,3129,"11,954",5766,5047,2455,2592,,,,
R28,16300,5147,4408,"9,081",5828,3497,2391,1106,,,,
R29,16455,3897,3897,"10,072",2731,5738,3938,33,1767,,,
R30,15194,5920,5163,"11,455",5170,5757,3027,2730,,,,
R31,15065,3952,3200,"5,424",5204,2688,1567,1121,,,,
R32,16096,4900,4122,"10,534",6524,5118,1442,888,1612,1176,,
R33,17080,5114,4652,"13,212",6401,5092,3021,2071,,,,
R34,19722,5390,4829,"15,302",5683,6446,2706,3740,,,,
R35,20416,3949,3949,"11,732",0,6304,3657,2647,,,,
R36,18226,3743,3743,"10,859",5042,5593,2964,2629,,,,
R37,17280,5506,4920,"9,486",4968,0,,,,,,
R38,16138,3077,3077,"8,332",4116,4993,1490,2352,1151,,,
S01,17940,4043,4043,"10,162",4127,4890,1028,2034,1828,,,
S02,12936,5306,4837,"8,983",5832,4078,2525,1553,,,,
K01,17401,7330,6603,"9,687",0,4070,2931,1139,,,,
K02,19830,5280,5280,"10,790",3390,5797,75,1833,677,3212,,
K03,13461,7030,6468,"7,154",4919,3806,1589,2217,,,,
K04,13251,7239,6575,"8,320",3420,4467,3098,1369,,,,
K05,20321,2434,2434,"8,327",0,3812,2195,1617,,,,
K06,21344,3097,3097,"9,353",5757,4110,1790,2320,,,,
K07,22017,2837,2837,"11,691",4357,5760,2907,2853,,,,
K08,16066,7059,6355,"9,311",4649,4545,2714,1831,,,,
K09,19789,2820,1963,"11,151",5159,6115,2974,3141,,,,
K10,22460,2376,2376,"9,442",3901,4440,2981,1459,,,,
K11,23284,4760,3876,"9,459",4843,4881,2884,1997,,,,
K12,18140,2954,2954,"10,404",3840,4925,3301,1624,,,,
K13,15932,4473,3776,"9,033",3469,3100,263,707,2130,,,
K14,15511,3479,2646,"7,734",4175,0,,,,,,
K15,15453,6309,5662,"8,362",4962,4796,2986,580,1230,,,
K16,23751,4617,3747,"9,673",4320,5330,2629,2701,,,,
K17,13774,7215,6546,"8,131",3412,0,,,,,,
K18,17532,4137,3240,"10,544",3254,5303,3157,2146,,,,
L01,19718,2386,1650,"11,981",2462,5688,3021,2667,,,,
L02,18426,4977,4977,"9,978",5375,0,,,,,,
L03,14664,5190,4738,"9,378",5952,4439,1311,655,54,2419,,
L04,17249,4306,3792,"9,698",4668,4045,3467,578,,,,
L05,18372,3147,2331,"10,541",3195,4496,3223,1273,,,,
L06,13895,5647,5284,"9,057",3483,0,,,,,,
L07,15785,6155,5537,"9,822",0,3335,990,2345,,,,
L08,16713,1720,1720,"9,377",3490,4868,1654,3214,,,,
L09,13829,5016,4530,"8,842",0,4985,165,1838,2814,168,,
L10,17313,3533,3178,"11,821",4233,5446,233,2283,282,2648,,
L11,12778,5270,5100,"9,794",2508,4380,2359,1467,554,,,
T01,19216,5046,4236,"7,034",3788,3761,1895,653,727,486,,
T02,19974,3659,3659,"8,651",4003,3961,900,3061,,,,
T03,17037,3285,3285,"10,917",4528,4470,2001,2469,,,,
T04,23188,2922,2432,"7,494",3863,3826,1929,1897,,,,
T05,19323,2701,2040,"10,484",4161,4078,1917,2161,,,,
T06,17887,3218,2683,"4,394",2167,2149,860,1176,113,,,
T07,6211,5775,5587,"3,772",0,0,,,,,,
T08,5600,4990,4833,"2,404",0,0,,,,,,
T09,11369,7202,6690,"6,189",2832,2785,460,838,1487,,,
T10,8992,8095,7803,"5,714",2217,2161,1681,480,,,,